Bangkok;Phuket;105
Bangkok;Tokio;1001
Bangkok;Chiang Mai;105
Bangkok;Osaka;850
Bangkok;Seoul;707
Bangkok;Singapur;362
Bangkok;Hong Kong;524
Bangkok;Taipéi;634
Bangkok;Dubái;1786
Bangkok;Territorio Federal de KL;271
Bangkok;Hanói;380
Bangkok;Bombay;785
Bangkok;Pekín;1131
Bangkok;Nueva Delhi;1045
Bangkok;Ciudad Ho Chi Minh;356
Bangkok;Shanghái;723
Bangkok;Ko Samui;585
Bangkok;Jaipur;800
Bangkok;Goa;1478
Bangkok;Bangalore;755
Bangkok;Abu Dabi;1866
Bangkok;Macao;600
Bangkok;Udaipur;1476
Bangkok;Calcuta;646
Bangkok;Chennai;707
Bangkok;Benarés;1506
Bangkok;Manila;674
Bangkok;Katmandú;857
Bangkok;Hyderabad;822
Bangkok;Cochín;716
Bangkok;Jodhpur;1494
Bangkok;Baréin;1809
Bangkok;Ciudad de Siem Riep;316
Bangkok;Nom Pen;330
Bangkok;Colombo;699
Bangkok;Đà Nẵng;306
Bangkok;Ahmedabad;937
Bangkok;Pune;1477
Londres;Estambul;351
Londres;Atenas;204
Londres;Lisboa;143
Londres;París;262
Londres;Barcelona;179
Londres;Santorini;389
Londres;Ámsterdam;254
Londres;Niza;204
Londres;Roma;208
Londres;Mykonos;279
Londres;Zúrich;268
Londres;Múnich;318
Londres;Praga;227
Londres;Milán;139
Londres;Split;204
Londres;Berlín;222
Londres;Madrid;236
Londres;Dublín;139
Londres;Florencia;254
Londres;Viena;155
Londres;Dubrovnik Ragusa;398
Londres;Mánchester;335
Londres;Salzburgo;193
Londres;Venecia;167
Londres;Budapest;185
Londres;Nápoles;222
Londres;Fráncfort del Meno;475
Londres;Ginebra;231
Londres;Oporto;253
Londres;Sevilla;204
Londres;Cracovia;134
Londres;Antalya;328
Londres;Pisa;191
Londres;Burdeos;150
Londres;Hamburgo;167
Londres;Valencia;195
Londres;Málaga;167
Londres;Faro;176
Londres;Varsovia;171
Londres;Bucarest;180
París;Roma;171
París;Barcelona;198
París;Lisboa;173
París;Niza;237
París;Atenas;441
París;Oporto;159
París;Madrid;182
París;Estambul;648
París;Milán;142
París;Venecia;244
París;Mykonos;330
París;Santorini;576
París;Nápoles;251
París;Dublín;175
París;Sevilla;314
París;Praga;251
París;Florencia;374
París;Londres;262
París;Valencia;181
París;Berlín;238
París;Dubrovnik Ragusa;362
París;Split;294
París;Viena;314
París;Palma de Mallorca;181
París;Marsella;104
París;Málaga;268
París;Ámsterdam;325
París;Budapest;303
París;Múnich;268
París;Zúrich;381
París;Mánchester;162
París;Zagreb;421
París;Burdeos;406
París;Palermo;225
París;Fráncfort del Meno;624
París;Hamburgo;235
París;Cracovia;261
París;Salzburgo;243
París;Ginebra;586
París;Varsovia;248
Dubái;Londres;763
Dubái;Estambul;617
Dubái;París;1399
Dubái;Ámsterdam;1289
Dubái;Roma;493
Dubái;Atenas;410
Dubái;Milán;664
Dubái;Barcelona;938
Dubái;Madrid;957
Dubái;Malta;735
Dubái;Viena;501
Dubái;Praga;1195
Dubái;Dublín;1656
Dubái;Lisboa;1646
Dubái;Budapest;1148
Dubái;Múnich;473
Dubái;Berlín;1152
Dubái;Venecia;874
Dubái;Copenhague;2052
Dubái;Santorini;1148
Dubái;Edimburgo;611
Dubái;Estocolmo;2200
Dubái;Florencia;1118
Dubái;El Cairo;914
Dubái;Mánchester;1481
Dubái;Dubrovnik Ragusa;2304
Dubái;Mykonos;2259
Dubái;Zúrich;1129
Dubái;Marrakech;2111
Dubái;Sevilla;6776
Dubái;Oporto;2220
Dubái;Nápoles;354
Dubái;Glasgow;2180
Dubái;Reikiavik;1410
Dubái;Fráncfort del Meno;1294
Dubái;Moscú;1420
Dubái;Oslo;1408
Dubái;Belfast;1492
Dubái;Helsinki;2892
Dubái;Hamburgo;1359
Singapur;Londres;2439
Singapur;París;2357
Singapur;Dubái;1466
Singapur;Ámsterdam;2368
Singapur;Estambul;2677
Singapur;Roma;2631
Singapur;Atenas;2073
Singapur;Barcelona;2624
Singapur;Berlín;2339
Singapur;Milán;2741
Singapur;Múnich;2836
Singapur;Madrid;3083
Singapur;Copenhague;2679
Singapur;Lisboa;2801
Singapur;Viena;2859
Singapur;Praga;3150
Singapur;Edimburgo;3166
Singapur;Dublín;2639
Singapur;Budapest;2513
Singapur;Venecia;3178
Singapur;Santorini;4117
Singapur;Florencia;7634
Singapur;Malta;2830
Singapur;Estocolmo;2835
Singapur;Dubrovnik Ragusa;4424
Singapur;Zúrich;2727
Singapur;Mykonos;6957
Singapur;Sevilla;7737
Singapur;Marrakech;4185
Singapur;Oporto;3236
Singapur;Mánchester;2940
Singapur;Nápoles;2953
Singapur;Reikiavik;3969
Singapur;Glasgow;3897
Singapur;Fráncfort del Meno;2648
Singapur;Moscú;2290
Singapur;Helsinki;2793
Singapur;Belfast;7605
Singapur;Oslo;2770
Singapur;El Cairo;2559
Kuala Lumpur;Londres;2375
Kuala Lumpur;Dubái;1582
Kuala Lumpur;Estambul;2164
Kuala Lumpur;París;2247
Kuala Lumpur;Ámsterdam;2421
Kuala Lumpur;Roma;2347
Kuala Lumpur;Barcelona;3585
Kuala Lumpur;Berlín;2326
Kuala Lumpur;Viena;2361
Kuala Lumpur;Edimburgo;3382
Kuala Lumpur;Madrid;2357
Kuala Lumpur;Atenas;2032
Kuala Lumpur;Praga;3141
Kuala Lumpur;Dublín;2541
Kuala Lumpur;Lisboa;3048
Kuala Lumpur;Budapest;3109
Kuala Lumpur;Venecia;2990
Kuala Lumpur;Florencia;5523
Kuala Lumpur;Santorini;3386
Kuala Lumpur;Copenhague;2417
Kuala Lumpur;Milán;2832
Kuala Lumpur;Malta;3767
Kuala Lumpur;Estocolmo;3076
Kuala Lumpur;Múnich;2468
Kuala Lumpur;Dubrovnik Ragusa;3682
Kuala Lumpur;Mykonos;4490
Kuala Lumpur;Sevilla;6616
Kuala Lumpur;Marrakech;2846
Kuala Lumpur;Oporto;4103
Kuala Lumpur;Zúrich;2779
Kuala Lumpur;Mánchester;3176
Kuala Lumpur;Nápoles;4329
Kuala Lumpur;Glasgow;4184
Kuala Lumpur;Reikiavik;3846
Kuala Lumpur;Moscú;2232
Kuala Lumpur;Belfast;4280
Kuala Lumpur;Fráncfort del Meno;2193
Kuala Lumpur;Oslo;3028
Kuala Lumpur;El Cairo;2061
Kuala Lumpur;Helsinki;3087
Nueva York;Londres;1609
Nueva York;París;1560
Nueva York;Roma;1826
Nueva York;Barcelona;1830
Nueva York;Madrid;1920
Nueva York;Milán;1580
Nueva York;Dublín;1621
Nueva York;Atenas;2224
Nueva York;Reikiavik;1760
Nueva York;Tel Aviv;2750
Nueva York;Ámsterdam;2018
Nueva York;Lisboa;2031
Nueva York;Estambul;2435
Nueva York;Dubái;2715
Nueva York;Zúrich;2034
Nueva York;Florencia;2007
Nueva York;Praga;2007
Nueva York;Berlín;1655
Nueva York;Múnich;2227
Nueva York;Copenhague;1745
Nueva York;Venecia;1973
Nueva York;Viena;2202
Nueva York;Edimburgo;2030
Nueva York;Fráncfort;2254
Nueva York;Budapest;1889
Nueva York;Varsovia;1837
Nueva York;Estocolmo;1654
Nueva York;Nápoles;2178
Nueva York;Santorini;2490
Nueva York;Malta;2261
Nueva York;Dubrovnik;2517
Nueva York;Mykonos;2351
Nueva York;Oporto;1531
Nueva York;Mánchester;2213
Nueva York;Marrakech;2208
Nueva York;Sevilla;2049
Nueva York;Oslo;1562
Nueva York;Niza;1975
Nueva York;Glasgow;1761
Nueva York;El Cairo;2715
Estambul;Dubái;623
Estambul;Londres;338
Estambul;París;647
Estambul;Ámsterdam;848
Estambul;Atenas;318
Estambul;Milán;662
Estambul;Roma;756
Estambul;Berlín;543
Estambul;Barcelona;664
Estambul;Viena;596
Estambul;Budapest;437
Estambul;Madrid;1074
Estambul;Praga;805
Estambul;Múnich;534
Estambul;Malta;948
Estambul;Lisboa;810
Estambul;Venecia;724
Estambul;Antalya;169
Estambul;Dublín;1094
Estambul;Copenhague;587
Estambul;Santorini;696
Estambul;Edimburgo;859
Estambul;Florencia;1413
Estambul;Estocolmo;680
Estambul;Dubrovnik Ragusa;927
Estambul;Mykonos;750
Estambul;Mánchester;462
Estambul;Marrakech;1717
Estambul;Zúrich;690
Estambul;Sevilla;1678
Estambul;Oporto;1530
Estambul;Nápoles;981
Estambul;Glasgow;1148
Estambul;Reikiavik;1180
Estambul;Fráncfort del Meno;575
Estambul;El Cairo;1394
Estambul;Moscú;1172
Estambul;Hamburgo;658
Estambul;Oslo;750
Estambul;Belfast;797
Tokio;París;3099
Tokio;Londres;3282
Tokio;Ámsterdam;2878
Tokio;Dubái;2169
Tokio;Estambul;3138
Tokio;Roma;3114
Tokio;Viena;3120
Tokio;Barcelona;3775
Tokio;Múnich;3420
Tokio;Madrid;3228
Tokio;Milán;3700
Tokio;Berlín;4224
Tokio;Copenhague;3470
Tokio;Praga;3519
Tokio;Venecia;4039
Tokio;Malta;3991
Tokio;Atenas;2862
Tokio;Lisboa;3468
Tokio;Budapest;3042
Tokio;Florencia;4332
Tokio;Edimburgo;4453
Tokio;Dublín;3716
Tokio;Santorini;5101
Tokio;Estocolmo;3573
Tokio;Dubrovnik Ragusa;4642
Tokio;Mykonos;4606
Tokio;Moscú;3085
Tokio;Sevilla;7410
Tokio;Marrakech;5675
Tokio;Zúrich;3949
Tokio;Oporto;4926
Tokio;Nápoles;4555
Tokio;Mánchester;3876
Tokio;Glasgow;4943
Tokio;Reikiavik;4717
Tokio;Fráncfort del Meno;3167
Tokio;Helsinki;3994
Tokio;Belfast;8832
Tokio;Oslo;4321
Tokio;El Cairo;3656
Hong Kong;Londres;2347
Hong Kong;París;2450
Hong Kong;Dubái;1458
Hong Kong;Ámsterdam;2408
Hong Kong;Madrid;2815
Hong Kong;Estambul;2214
Hong Kong;Roma;2227
Hong Kong;Barcelona;2811
Hong Kong;Milán;2203
Hong Kong;Lisboa;2291
Hong Kong;Viena;2453
Hong Kong;Berlín;2474
Hong Kong;Edimburgo;2995
Hong Kong;Praga;2851
Hong Kong;Atenas;2738
Hong Kong;Venecia;3437
Hong Kong;Budapest;3224
Hong Kong;Dublín;2180
Hong Kong;Florencia;5334
Hong Kong;Santorini;5099
Hong Kong;Copenhague;2469
Hong Kong;Malta;3241
Hong Kong;Estocolmo;3163
Hong Kong;Múnich;2647
Hong Kong;Dubrovnik Ragusa;4727
Hong Kong;Mykonos;6440
Hong Kong;Mánchester;2775
Hong Kong;Sevilla;5434
Hong Kong;Marrakech;4998
Hong Kong;Oporto;4572
Hong Kong;Zúrich;2910
Hong Kong;Nápoles;4635
Hong Kong;Glasgow;3255
Hong Kong;Reikiavik;3434
Hong Kong;Moscú;2192
Hong Kong;Fráncfort del Meno;2566
Hong Kong;Belfast;4912
Hong Kong;Helsinki;2807
Hong Kong;Oslo;2884
Hong Kong;El Cairo;3161
Barcelona;París;198
Barcelona;Sevilla;185
Barcelona;Roma;175
Barcelona;Nueva York;1509
Barcelona;Madrid;159
Barcelona;Londres;183
Barcelona;Malta;196
Barcelona;Atenas;441
Barcelona;Lisboa;179
Barcelona;Ámsterdam;417
Barcelona;Milán;139
Barcelona;Berlín;326
Barcelona;Venecia;166
Barcelona;Estambul;1105
Barcelona;Miami;1717
Barcelona;Viena;278
Barcelona;Oporto;159
Barcelona;Praga;294
Barcelona;Florencia;338
Barcelona;Budapest;298
Barcelona;Dublín;239
Barcelona;Dubái;1862
Barcelona;Múnich;330
Barcelona;Copenhague;302
Barcelona;Edimburgo;425
Barcelona;Marrakech;263
Barcelona;Santorini;703
Barcelona;Toronto;1492
Barcelona;Nápoles;191
Barcelona;Bangkok;3021
Barcelona;Estocolmo;258
Barcelona;Boston;1409
Barcelona;Singapur;2816
Barcelona;Washington D C;1470
Barcelona;Hong Kong;2616
Barcelona;Montreal;1515
Barcelona;Dubrovnik Ragusa;421
Barcelona;Mykonos;850
Barcelona;Zúrich;314
Barcelona;Filadelfia;1802
Barcelona;París;198
Barcelona;Sevilla;185
Barcelona;Roma;175
Barcelona;Nueva York;1509
Barcelona;Madrid;159
Barcelona;Londres;183
Barcelona;Malta;196
Barcelona;Atenas;441
Barcelona;Lisboa;179
Barcelona;Ámsterdam;417
Barcelona;Milán;139
Barcelona;Berlín;326
Barcelona;Venecia;166
Barcelona;Estambul;1105
Barcelona;Miami;1717
Barcelona;Viena;278
Barcelona;Oporto;159
Barcelona;Praga;294
Barcelona;Florencia;338
Barcelona;Budapest;298
Barcelona;Dublín;239
Barcelona;Dubái;1862
Barcelona;Múnich;330
Barcelona;Copenhague;302
Barcelona;Edimburgo;425
Barcelona;Marrakech;263
Barcelona;Santorini;703
Barcelona;Toronto;1492
Barcelona;Nápoles;191
Barcelona;Bangkok;3021
Barcelona;Estocolmo;258
Barcelona;Boston;1409
Barcelona;Singapur;2816
Barcelona;Washington D C;1470
Barcelona;Hong Kong;2616
Barcelona;Montreal;1515
Barcelona;Dubrovnik Ragusa;421
Barcelona;Mykonos;850
Barcelona;Zúrich;314
Barcelona;Filadelfia;1802
Ámsterdam;Lisboa;382
Ámsterdam;Dubái;1116
Ámsterdam;Barcelona;382
Ámsterdam;Londres;318
Ámsterdam;Reikiavik;509
Ámsterdam;Nueva York;1650
Ámsterdam;París;325
Ámsterdam;Shanghái;1906
Ámsterdam;Estambul;822
Ámsterdam;Singapur;2473
Ámsterdam;Berlín;428
Ámsterdam;Roma;671
Ámsterdam;Venecia;306
Ámsterdam;Bangkok;2255
Ámsterdam;Madrid;436
Ámsterdam;Copenhague;415
Ámsterdam;Milán;322
Ámsterdam;Praga;351
Ámsterdam;Marrakech;465
Ámsterdam;Valencia;370
Ámsterdam;Hong Kong;2540
Ámsterdam;Atenas;532
Ámsterdam;Dublín;199
Ámsterdam;Viena;715
Ámsterdam;Budapest;691
Ámsterdam;Múnich;760
Ámsterdam;Estocolmo;451
Ámsterdam;Toronto;1538
Ámsterdam;Pekín;2014
Ámsterdam;Edimburgo;356
Ámsterdam;Malta;717
Ámsterdam;Florencia;401
Ámsterdam;Miami;1665
Ámsterdam;Boston;1154
Ámsterdam;Washington D C;1154
Ámsterdam;Nápoles;373
Ámsterdam;Santorini;858
Ámsterdam;Split;522
Ámsterdam;Oporto;425
Ámsterdam;Zúrich;734
Roma;Río de Janeiro;3214
Roma;Sevilla;290
Roma;París;195
Roma;Dubái;1215
Roma;Barcelona;187
Roma;Malta;145
Roma;Lisboa;357
Roma;Mykonos;278
Roma;Nueva York;1530
Roma;Budapest;199
Roma;Londres;179
Roma;Atenas;251
Roma;Madrid;239
Roma;Milán;187
Roma;Estambul;653
Roma;Venecia;488
Roma;Ámsterdam;717
Roma;Santorini;380
Roma;Praga;191
Roma;Dublín;453
Roma;Viena;120
Roma;Berlín;290
Roma;Miami;1857
Roma;Toronto;1577
Roma;Abu Dabi;437
Roma;Copenhague;370
Roma;Bangkok;2394
Roma;Múnich;572
Roma;Edimburgo;398
Roma;Boston;1827
Roma;Florencia;95
Roma;Singapur;3084
Roma;Washington D C;1878
Roma;Estocolmo;334
Roma;Dubrovnik Ragusa;211
Roma;Montreal;1572
Roma;Hong Kong;2132
Roma;Marrakech;425
Roma;Filadelfia;2347
Roma;Nápoles;87
Milán;París;135
Milán;Estambul;918
Milán;Mykonos;256
Milán;Malta;159
Milán;Nueva York;1518
Milán;Madrid;163
Milán;Marrakech;199
Milán;Reikiavik;254
Milán;Ámsterdam;322
Milán;Nápoles;150
Milán;Santorini;326
Milán;Barcelona;135
Milán;Roma;187
Milán;Londres;123
Milán;Lisboa;211
Milán;Atenas;179
Milán;Dubái;1290
Milán;Copenhague;175
Milán;Berlín;159
Milán;Praga;155
Milán;Viena;141
Milán;Budapest;151
Milán;Moscú;1854
Milán;Miami;1563
Milán;Dublín;224
Milán;Bangkok;2333
Milán;Múnich;267
Milán;Edimburgo;247
Milán;Singapur;2599
Milán;Sevilla;187
Milán;Estocolmo;203
Milán;Toronto;1799
Milán;Hong Kong;2111
Milán;Boston;1766
Milán;Oporto;183
Milán;Washington D C;2043
Milán;Montreal;1820
Milán;Dubrovnik Ragusa;642
Milán;Bombay;1924
Milán;Filadelfia;2146
Taipéi;Bangkok;582
Taipéi;Singapur;660
Taipéi;Hong Kong;671
Taipéi;Chiang Mai;573
Taipéi;Shanghái;866
Taipéi;Nueva York;3263
Taipéi;Ciudad Ho Chi Minh;481
Taipéi;Londres;3231
Taipéi;París;3515
Taipéi;Dubái;1373
Taipéi;Viena;3485
Taipéi;Ámsterdam;3256
Taipéi;Toronto;3609
Taipéi;Pekín;4278
Taipéi;Praga;1440
Taipéi;Roma;4772
Taipéi;Milán;3423
Taipéi;Estambul;3609
Taipéi;Boston;4590
Taipéi;Barcelona;3356
Taipéi;Washington DC;4410
Taipéi;Berlín;3389
Taipéi;Madrid;3015
Taipéi;Múnich;3418
Taipéi;Lisboa;3755
Taipéi;Miami;6412
Taipéi;Atenas;2855
Taipéi;Budapest;3367
Taipéi;Florencia;4501
Taipéi;Venecia;4220
Taipéi;Edimburgo;6033
Taipéi;Santorini;4408
Taipéi;Copenhague;3324
Taipéi;Dublín;3468
Taipéi;Malta;3427
Taipéi;Territorio Federal de Kuala Lumpur;575
Taipéi;Estocolmo;3792
Taipéi;Hanói;521
Taipéi;Montreal;4280
Taipéi;Filadelfia;7115
Pekín;Hong Kong;648
Pekín;Nueva York;4566
Pekín;Singapur;1059
Pekín;Londres;3555
Pekín;Toronto;6067
Pekín;Bangkok;975
Pekín;París;4057
Pekín;Dubái;1899
Pekín;Washington D C;6246
Pekín;Boston;6564
Pekín;Ámsterdam;3340
Pekín;Barcelona;3254
Pekín;Roma;3924
Pekín;Berlín;3740
Pekín;Madrid;3840
Pekín;Estambul;4841
Pekín;Viena;3944
Pekín;Atenas;3994
Pekín;Lisboa;3865
Pekín;Miami;15630
Pekín;Venecia;3648
Pekín;Praga;4171
Pekín;Edimburgo;4500
Pekín;Florencia;5988
Pekín;Budapest;3780
Pekín;Dublín;5245
Pekín;Santorini;11868
Pekín;Malta;8803
Pekín;Copenhague;4472
Pekín;Milán;3462
Pekín;Estocolmo;4573
Pekín;Dubrovnik Ragusa;6862
Pekín;Filadelfia;15588
Pekín;Montreal;6493
Pekín;Múnich;3981
Pekín;Bombay;3663
Pekín;Shanghái;1503
Pekín;Santa Lucía;59209
Pekín;Mykonos;6282
Pekín;Sevilla;6321
Shanghái;Londres;2598
Shanghái;Hong Kong;577
Shanghái;Singapur;1082
Shanghái;Nueva York;8717
Shanghái;Bangkok;650
Shanghái;Pekín;1588
Shanghái;Toronto;5457
Shanghái;París;2784
Shanghái;Dubái;1742
Shanghái;Ámsterdam;3124
Shanghái;Boston;7171
Shanghái;Roma;5624
Shanghái;Washington D C;6912
Shanghái;Estambul;6357
Shanghái;Madrid;5563
Shanghái;Barcelona;5571
Shanghái;Viena;4227
Shanghái;Berlín;6008
Shanghái;Venecia;5171
Shanghái;Miami;9830
Shanghái;Lisboa;7537
Shanghái;Budapest;6142
Shanghái;Atenas;7036
Shanghái;Florencia;7130
Shanghái;Praga;5814
Shanghái;Edimburgo;7271
Shanghái;Santorini;8790
Shanghái;Dublín;4984
Shanghái;Malta;7881
Shanghái;Copenhague;3777
Shanghái;Milán;5603
Shanghái;Estocolmo;5918
Shanghái;Múnich;6101
Shanghái;Montreal;8723
Shanghái;Dubrovnik Ragusa;6553
Shanghái;Filadelfia;11932
Shanghái;Bombay;2798
Shanghái;Santa Lucía;30237
Shanghái;Mykonos;9078
Praga;Dubái;1114
Praga;Londres;201
Praga;Barcelona;314
Praga;París;278
Praga;Ámsterdam;329
Praga;Roma;258
Praga;Nueva York;1921
Praga;Budapest;265
Praga;Milán;155
Praga;Estambul;862
Praga;Viena;590
Praga;Venecia;191
Praga;Lisboa;398
Praga;Madrid;478
Praga;Atenas;682
Praga;Copenhague;240
Praga;Malta;850
Praga;Dublín;360
Praga;Florencia;538
Praga;Edimburgo;436
Praga;Bangkok;2760
Praga;Estocolmo;362
Praga;Miami;2616
Praga;Toronto;2046
Praga;Santorini;945
Praga;Dubrovnik Ragusa;596
Praga;Múnich;174
Praga;Singapur;2794
Praga;Washington DC;1734
Praga;Boston;1943
Praga;Hong Kong;2640
Praga;Montreal;2324
Praga;Filadelfia;5765
Praga;Bombay;2237
Praga;Mykonos;870
Praga;Oporto;461
Praga;Santa Lucía;15258
Praga;Nápoles;198
Praga;Pekín;4862
Praga;Sevilla;644
Los Ángeles;Nueva York;719
Los Ángeles;Londres;1907
Los Ángeles;Miami;608
Los Ángeles;París;2435
Los Ángeles;Boston;735
Los Ángeles;Washington D C;791
Los Ángeles;Toronto;1003
Los Ángeles;Fort Lauderdale;608
Los Ángeles;Roma;2466
Los Ángeles;Hong Kong;3051
Los Ángeles;Filadelfia;872
Los Ángeles;Dubái;2937
Los Ángeles;Barcelona;2011
Los Ángeles;Singapur;3332
Los Ángeles;Bangkok;3175
Los Ángeles;Madrid;1925
Los Ángeles;Ámsterdam;2329
Los Ángeles;Estambul;3177
Los Ángeles;Milán;2390
Los Ángeles;Atenas;2151
Los Ángeles;Dublín;1790
Los Ángeles;Montreal;1427
Los Ángeles;Lisboa;2447
Los Ángeles;Berlín;2546
Los Ángeles;Copenhague;2339
Los Ángeles;Viena;2613
Los Ángeles;Venecia;2390
Los Ángeles;Pekín;3442
Los Ángeles;Florencia;2324
Los Ángeles;Bombay;3281
Los Ángeles;Múnich;2496
Los Ángeles;Santorini;2285
Los Ángeles;Praga;2600
Los Ángeles;Edimburgo;2365
Los Ángeles;Budapest;2611
Los Ángeles;Estocolmo;2094
Los Ángeles;Malta;2449
Los Ángeles;Shanghái;3736
Los Ángeles;Dubrovnik Ragusa;2621
Los Ángeles;Mykonos;2186
Miami;Nueva York;319
Miami;Denver;204
Miami;Las Vegas;429
Miami;Atlanta;146
Miami;Londres;1580
Miami;Chicago;320
Miami;Boston;355
Miami;Washington D C;298
Miami;Río de Janeiro;1384
Miami;Toronto;331
Miami;Los Ángeles;608
Miami;París;2087
Miami;Madrid;1920
Miami;Cancún;597
Miami;Aruba;914
Miami;Baltimore;298
Miami;San Francisco;682
Miami;Filadelfia;371
Miami;Montreal;542
Miami;Dallas;350
Miami;Lisboa;1922
Miami;Barcelona;1919
Miami;Lima;1018
Miami;Nueva Orleans;196
Miami;Orlando;279
Miami;Newark;319
Miami;Phoenix;572
Miami;Austin;334
Miami;Houston;360
Miami;Buenos Aires;2207
Miami;Roma;2022
Miami;Portland;677
Miami;Sídney;4125
Miami;Seattle;922
Miami;Dubái;2728
Miami;Nashville;348
Miami;Honolulu;1647
Miami;San Diego;703
Miami;Estambul;3035
Miami;Tokio;4119
Sydney;Londres;3283
Sydney;Singapur;970
Sydney;Bangkok;1165
Sydney;Perth;887
Sydney;París;2898
Sydney;Hong Kong;1458
Sydney;Nueva York;3887
Sydney;Dubái;3014
Sydney;Shanghái;1875
Sydney;Phuket;1170
Sydney;Roma;2915
Sydney;Nueva Delhi;1857
Sydney;Ciudad Ho Chi Minh;906
Sydney;Territorio Federal de Kuala Lumpur;1074
Sydney;Atenas;2983
Sydney;Toronto;3671
Sydney;Estambul;3723
Sydney;Ámsterdam;3000
Sydney;Dublín;3426
Sydney;Bombay;2172
Sydney;Barcelona;4874
Sydney;Madrid;2935
Sydney;Berlín;3393
Sydney;Miami;3887
Sydney;Ciudad del Cabo;3954
Sydney;Lisboa;4535
Sydney;Malta;4327
Sydney;Washington D C;3887
Sydney;Boston;3887
Sydney;Edimburgo;4622
Sydney;Milán;4172
Sydney;Viena;4249
Sydney;Venecia;4589
Sydney;Praga;4194
Sydney;Estocolmo;3362
Sydney;Budapest;4038
Sydney;Santorini;5611
Sydney;Copenhague;4192
Sydney;Florencia;5503
Sydney;Orlando;3887
Buenos Aires;Madrid;6373
Buenos Aires;Miami;4182
Buenos Aires;Barcelona;5492
Buenos Aires;Río de Janeiro;1171
Buenos Aires;Roma;7199
Buenos Aires;Nueva York;4434
Buenos Aires;París;6219
Buenos Aires;Londres;6271
Buenos Aires;Estambul;9201
Buenos Aires;Ámsterdam;7098
Buenos Aires;Dubái;8347
Buenos Aires;Lisboa;5739
Buenos Aires;Milán;6943
Buenos Aires;Orlando;4154
Buenos Aires;Washington D C;4351
Buenos Aires;Berlín;7325
Buenos Aires;Toronto;4998
Buenos Aires;Bangkok;13017
Buenos Aires;Atenas;7690
Buenos Aires;Venecia;6690
Buenos Aires;Boston;5087
Buenos Aires;Praga;10392
Buenos Aires;Singapur;11435
Buenos Aires;Viena;8303
Buenos Aires;Hong Kong;10572
Buenos Aires;Ciudad del Cabo;9820
Buenos Aires;Budapest;8439
Buenos Aires;Florencia;7808
Buenos Aires;Edimburgo;8935
Buenos Aires;Dublín;7389
Buenos Aires;Malta;15511
Buenos Aires;Santorini;16567
Buenos Aires;Copenhague;8111
Buenos Aires;Estocolmo;10108
Buenos Aires;Dubrovnik;14761
Buenos Aires;Montreal;5331
Buenos Aires;Filadelfia;9142
Buenos Aires;Múnich;8136
Buenos Aires;Bombay;16435
Buenos Aires;Pekín;18773
Río de Janeiro;Nueva York;1710
Río de Janeiro;Buenos Aires;1073
Río de Janeiro;Miami;1382
Río de Janeiro;Fort Lauderdale;1382
Río de Janeiro;Lisboa;3207
Río de Janeiro;París;3076
Río de Janeiro;Roma;2964
Río de Janeiro;Madrid;2645
Río de Janeiro;Londres;2732
Río de Janeiro;Orlando;2004
Río de Janeiro;Dubái;3833
Río de Janeiro;Ámsterdam;3035
Río de Janeiro;Barcelona;2641
Río de Janeiro;Boston;2174
Río de Janeiro;Toronto;2289
Río de Janeiro;Berlín;3330
Río de Janeiro;Estambul;3752
Río de Janeiro;Washington D C;2121
Río de Janeiro;Bangkok;5315
Río de Janeiro;Dublín;3058
Río de Janeiro;Singapur;5456
Río de Janeiro;Venecia;2942
Río de Janeiro;Atenas;3621
Río de Janeiro;Viena;3012
Río de Janeiro;Florencia;3845
Río de Janeiro;Praga;3909
Río de Janeiro;Hong Kong;4584
Río de Janeiro;Ciudad del Cabo;4551
Río de Janeiro;Edimburgo;3873
Río de Janeiro;Budapest;4370
Río de Janeiro;Santorini;5910
Río de Janeiro;Malta;3488
Río de Janeiro;Milán;2703
Río de Janeiro;Copenhague;3631
Río de Janeiro;Múnich;2877
Río de Janeiro;Estocolmo;3470
Río de Janeiro;Montreal;2291
Río de Janeiro;Dubrovnik;6244
Río de Janeiro;Filadelfia;2215
Río de Janeiro;Oporto;3208
Cancún;Toronto;988
Cancún;Madrid;2452
Cancún;Miami;540
Cancún;Nueva York;809
Cancún;Londres;2803
Cancún;París;2980
Cancún;Orlando;502
Cancún;Montreal;1288
Cancún;Washington DC;472
Cancún;Roma;2582
Cancún;Boston;809
Cancún;Ámsterdam;2720
Cancún;Barcelona;2745
Cancún;Estambul;6364
Cancún;Lisboa;2636
Cancún;Dubái;3689
Cancún;Berlín;3429
Cancún;Bangkok;4214
Cancún;Venecia;3626
Cancún;Singapur;4858
Cancún;Viena;3413
Cancún;Hong Kong;11843
Cancún;Praga;3732
Cancún;Florencia;7016
Cancún;Atenas;4634
Cancún;Edimburgo;4040
Cancún;Dublín;2332
Cancún;Budapest;4385
Cancún;Santorini;6779
Cancún;Filadelfia;804
Cancún;Ciudad del Cabo;4376
Cancún;Malta;6604
Cancún;Milán;2509
Cancún;Copenhague;3375
Cancún;Estocolmo;4216
Cancún;Dubrovnik;6865
Cancún;Múnich;3103
Cancún;Bombay;9132
Cancún;Santa Lucía;7671
Cancún;Mykonos;5077
Ciudad de México;Toronto;1986
Ciudad de México;París;3923
Ciudad de México;Nueva York;1620
Ciudad de México;Madrid;3348
Ciudad de México;Orlando;1049
Ciudad de México;Río de Janeiro;1799
Ciudad de México;Miami;1023
Ciudad de México;Londres;4244
Ciudad de México;Barcelona;3416
Ciudad de México;Roma;3110
Ciudad de México;Washington DC;1303
Ciudad de México;Ámsterdam;3050
Ciudad de México;Montreal;2120
Ciudad de México;Dubái;3597
Ciudad de México;Estambul;4265
Ciudad de México;Boston;1557
Ciudad de México;Berlín;3338
Ciudad de México;Singapur;4643
Ciudad de México;Lisboa;3301
Ciudad de México;Hong Kong;5191
Ciudad de México;Bangkok;4730
Ciudad de México;Venecia;3541
Ciudad de México;Atenas;3333
Ciudad de México;Praga;4107
Ciudad de México;Edimburgo;3621
Ciudad de México;Florencia;3189
Ciudad de México;Dublín;3628
Ciudad de México;Viena;3101
Ciudad de México;Buenos Aires;2695
Ciudad de México;Santorini;4446
Ciudad de México;Budapest;4478
Ciudad de México;Milán;2606
Ciudad de México;Malta;3665
Ciudad de México;Ciudad del Cabo;3575
Ciudad de México;Copenhague;3421
Ciudad de México;Filadelfia;946
Ciudad de México;Múnich;2712
Ciudad de México;Estocolmo;3931
Ciudad de México;Dubrovnik;5383
Ciudad de México;Bombay;3786
San Francisco;Nueva York;719
San Francisco;Miami;652
San Francisco;Boston;918
San Francisco;Londres;2055
San Francisco;Orlando;574
San Francisco;Fort Lauderdale;652
San Francisco;Nueva Delhi;2631
San Francisco;Shanghái;3736
San Francisco;París;2515
San Francisco;Barcelona;2189
San Francisco;Bombay;2636
San Francisco;Hong Kong;3233
San Francisco;Roma;2132
San Francisco;Aruba;1528
San Francisco;Toronto;1562
San Francisco;Washington DC;846
San Francisco;Newark;719
San Francisco;Bangalore;2677
San Francisco;Singapur;3314
San Francisco;Florencia;2215
San Francisco;Buenos Aires;2599
San Francisco;Dubái;3020
San Francisco;Ámsterdam;2381
San Francisco;Estambul;3151
San Francisco;Filadelfia;682
San Francisco;Lisboa;2432
San Francisco;Bangkok;3284
San Francisco;Dublín;1950
San Francisco;Madrid;2252
San Francisco;Atenas;2844
San Francisco;Montreal;1427
San Francisco;Milán;1963
San Francisco;Múnich;2498
San Francisco;Pekín;4535
San Francisco;Copenhague;2437
San Francisco;Berlín;2614
San Francisco;Venecia;2549
San Francisco;Edimburgo;2585
San Francisco;Praga;2302
San Francisco;Viena;2431
Orlando;Nueva York;276
Orlando;Londres;1733
Orlando;Washington DC;334
Orlando;Boston;393
Orlando;Dubái;3042
Orlando;Filadelfia;320
Orlando;Toronto;334
Orlando;Baltimore;334
Orlando;Montreal;374
Orlando;Miami;279
Orlando;San Juan;431
Orlando;Dublín;1790
Orlando;París;2299
Orlando;Río de Janeiro;1792
Orlando;Roma;2290
Orlando;Barcelona;2215
Orlando;Ámsterdam;2344
Orlando;Madrid;2207
Orlando;Atenas;2359
Orlando;Lisboa;2239
Orlando;Estambul;2805
Orlando;Venecia;2198
Orlando;Bangkok;4315
Orlando;Singapur;4636
Orlando;Edimburgo;2462
Orlando;Berlín;2354
Orlando;Hong Kong;4736
Orlando;Florencia;2652
Orlando;Santorini;2918
Orlando;Praga;2408
Orlando;Viena;2619
Orlando;Budapest;2668
Orlando;Ciudad del Cabo;3658
Orlando;Copenhague;1841
Orlando;Milán;2198
Orlando;Malta;3005
Orlando;Estocolmo;2229
Orlando;Múnich;2363
Orlando;Dubrovnik Ragusa;2867
Orlando;Bombay;3172
Las Vegas;Miami;429
Las Vegas;Orlando;500
Las Vegas;Fort Lauderdale;429
Las Vegas;Nueva York;791
Las Vegas;Boston;631
Las Vegas;Londres;2429
Las Vegas;Toronto;724
Las Vegas;Washington DC;677
Las Vegas;Filadelfia;574
Las Vegas;París;2941
Las Vegas;Ámsterdam;2633
Las Vegas;Dubái;3355
Las Vegas;Roma;2955
Las Vegas;Barcelona;2493
Las Vegas;Bangkok;3811
Las Vegas;Singapur;4186
Las Vegas;Hong Kong;4232
Las Vegas;Madrid;2497
Las Vegas;Atenas;2948
Las Vegas;Estambul;3168
Las Vegas;Venecia;2954
Las Vegas;Berlín;2941
Las Vegas;Lisboa;2620
Las Vegas;Dublín;2483
Las Vegas;Montreal;1278
Las Vegas;Florencia;3028
Las Vegas;Santorini;3039
Las Vegas;Viena;3019
Las Vegas;Edimburgo;2246
Las Vegas;Praga;2958
Las Vegas;Budapest;3027
Las Vegas;Ciudad del Cabo;4311
Las Vegas;Malta;3372
Las Vegas;Copenhague;1925
Las Vegas;Milán;2903
Las Vegas;Estocolmo;2290
Las Vegas;Múnich;2937
Las Vegas;Dubrovnik Ragusa;2994
Las Vegas;Bombay;3833
Las Vegas;Santa Lucía;1545
Moscú;Estambul;1087
Moscú;Nueva York;2231
Moscú;París;2101
Moscú;Londres;1401
Moscú;Singapur;2399
Moscú;Roma;2685
Moscú;Ámsterdam;2620
Moscú;Barcelona;2923
Moscú;Venecia;3059
Moscú;Hong Kong;2078
Moscú;Dubái;1460
Moscú;Berlín;1223
Moscú;Washington D C;3883
Moscú;Bangkok;2048
Moscú;Lisboa;3102
Moscú;Florencia;10736
Moscú;Praga;2811
Moscú;Miami;2709
Moscú;Boston;3662
Moscú;Madrid;3356
Moscú;Atenas;3540
Moscú;Viena;2984
Moscú;Edimburgo;5449
Moscú;Budapest;2542
Moscú;Santorini;12610
Moscú;Toronto;3892
Moscú;Ciudad del Cabo;3539
Moscú;Dublín;3123
Moscú;Malta;4250
Moscú;Copenhague;3548
Moscú;Orlando;7563
Moscú;Milán;2406
Moscú;Estocolmo;3901
Moscú;Dubrovnik Ragusa;3076
Moscú;Montreal;4172
Moscú;Múnich;3003
Moscú;Bombay;2112
Moscú;Mykonos;5998
Berlín;Nueva York;1458
Berlín;Londres;199
Berlín;Barcelona;235
Berlín;París;302
Berlín;Milán;163
Berlín;Roma;327
Berlín;Estambul;657
Berlín;Ámsterdam;442
Berlín;Venecia;199
Berlín;Viena;476
Berlín;Múnich;151
Berlín;Lisboa;584
Berlín;Copenhague;271
Berlín;Madrid;361
Berlín;Budapest;192
Berlín;Atenas;582
Berlín;Dubái;1171
Berlín;Estocolmo;279
Berlín;Dublín;199
Berlín;Bangkok;2900
Berlín;Oporto;401
Berlín;Edimburgo;262
Berlín;Malta;668
Berlín;Singapur;2523
Berlín;Zúrich;347
Berlín;Miami;1686
Berlín;Washington D C;1220
Berlín;Florencia;777
Berlín;Palma de Mallorca;251
Berlín;Toronto;251
Berlín;Santorini;1083
Berlín;Boston;1220
Berlín;Ciudad del Cabo;2356
Berlín;Hong Kong;2555
Berlín;Dubrovnik;612
Berlín;Orlando;1578
Berlín;Bombay;2069
Berlín;Montreal;1691
Berlín;Filadelfia;1422
Berlín;Mykonos;707
Viena;Londres;159
Viena;París;310
Viena;Atenas;263
Viena;Malta;258
Viena;Roma;120
Viena;Dubrovnik Ragusa;167
Viena;Barcelona;318
Viena;Dubái;1111
Viena;Estambul;521
Viena;Ámsterdam;651
Viena;Berlín;579
Viena;Nueva York;1709
Viena;Santorini;370
Viena;Venecia;142
Viena;Lisboa;469
Viena;Bangkok;2330
Viena;Copenhague;175
Viena;Milán;150
Viena;Madrid;362
Viena;Praga;741
Viena;Nápoles;171
Viena;Múnich;478
Viena;Mykonos;120
Viena;Dublín;332
Viena;Estocolmo;231
Viena;Florencia;120
Viena;Toronto;591
Viena;Miami;1875
Viena;Edimburgo;1949
Viena;Zúrich;322
Viena;Budapest;598
Viena;Washington D C;560
Viena;Singapur;1908
Viena;Ciudad del Cabo;2494
Viena;Hong Kong;2535
Viena;Boston;1820
Viena;Montreal;1901
Viena;Orlando;2154
Viena;Filadelfia;2005
Viena;Bombay;1477
Toronto;Miami;388
Toronto;Fort Lauderdale;388
Toronto;Orlando;480
Toronto;Nueva York;583
Toronto;Londres;1922
Toronto;Montreal;618
Toronto;París;1967
Toronto;Lisboa;1998
Toronto;Dubái;2682
Toronto;Nueva Delhi;4714
Toronto;Santa Lucía;1512
Toronto;Barcelona;1968
Toronto;Dublín;1536
Toronto;Ámsterdam;1842
Toronto;Roma;2342
Toronto;Hong Kong;5236
Toronto;Boston;1065
Toronto;Washington D C;892
Toronto;Bombay;4253
Toronto;Estambul;3199
Toronto;Atenas;2548
Toronto;Singapur;3457
Toronto;Madrid;2370
Toronto;Bangkok;3813
Toronto;Filadelfia;1629
Toronto;Venecia;2607
Toronto;Viena;3104
Toronto;Edimburgo;2234
Toronto;Milán;2444
Toronto;Pekín;12432
Toronto;Berlín;2013
Toronto;Copenhague;2251
Toronto;Praga;2643
Toronto;Budapest;2664
Toronto;Múnich;3014
Toronto;Florencia;2635
Toronto;Shanghái;3933
Toronto;Malta;3025
Toronto;Santorini;3019
Toronto;Ciudad del Cabo;3556
Delhi;Bombay;411
Delhi;Goa;445
Delhi;Bangalore;469
Delhi;Dubái;893
Delhi;Toronto;4533
Delhi;Londres;2254
Delhi;Calcuta;541
Delhi;Singapur;1006
Delhi;Bangkok;953
Delhi;Shanghái;1479
Delhi;Nueva York;3351
Delhi;Chennai;461
Delhi;Hyderabad;455
Delhi;Jaipur;187
Delhi;Roma;1398
Delhi;Moscú;2229
Delhi;París;1853
Delhi;Hong Kong;1378
Delhi;Estambul;1644
Delhi;Pekín;1630
Delhi;Ámsterdam;2144
Delhi;Washington D C;3208
Delhi;Milán;2011
Delhi;Boston;3633
Delhi;Viena;2133
Delhi;Montreal;4120
Delhi;Berlín;2240
Delhi;Barcelona;2217
Delhi;Dublín;2270
Delhi;Copenhague;2039
Delhi;Praga;2128
Delhi;Madrid;2152
Delhi;Atenas;2408
Delhi;Lisboa;2390
Delhi;Budapest;1430
Delhi;Edimburgo;2167
Delhi;Miami;3529
Delhi;Malta;2487
Delhi;Ciudad del Cabo;2670
Delhi;Múnich;2193
Atenas;Londres;219
Atenas;Santorini;173
Atenas;Mykonos;191
Atenas;París;437
Atenas;Roma;251
Atenas;Milán;159
Atenas;Estambul;342
Atenas;Nueva York;2012
Atenas;Barcelona;501
Atenas;Malta;311
Atenas;Ámsterdam;552
Atenas;Dubái;1112
Atenas;Madrid;652
Atenas;Berlín;596
Atenas;Viena;278
Atenas;Budapest;239
Atenas;Lisboa;362
Atenas;Venecia;343
Atenas;Praga;636
Atenas;Múnich;509
Atenas;Toronto;2425
Atenas;Singapur;2454
Atenas;Florencia;863
Atenas;Edimburgo;823
Atenas;Dublín;465
Atenas;Copenhague;590
Atenas;Boston;1558
Atenas;Miami;2456
Atenas;Dubrovnik Ragusa;372
Atenas;Washington D C;1558
Atenas;Bangkok;2401
Atenas;Estocolmo;619
Atenas;Hong Kong;2440
Atenas;Ciudad del Cabo;2940
Atenas;Montreal;2414
Atenas;Orlando;2690
Atenas;Filadelfia;2074
Atenas;Nápoles;235
Atenas;Bombay;1935
Atenas;Pekín;3488
Lisboa;París;195
Lisboa;Londres;179
Lisboa;Roma;330
Lisboa;Barcelona;155
Lisboa;Madrid;171
Lisboa;Milán;207
Lisboa;Atenas;342
Lisboa;Ámsterdam;397
Lisboa;Nueva York;1646
Lisboa;Oporto;354
Lisboa;Río de Janeiro;2646
Lisboa;Sevilla;149
Lisboa;Berlín;584
Lisboa;Dubái;1668
Lisboa;Dublín;226
Lisboa;Toronto;1411
Lisboa;Miami;1574
Lisboa;Budapest;397
Lisboa;Estambul;1278
Lisboa;Venecia;372
Lisboa;Viena;505
Lisboa;Malta;350
Lisboa;Múnich;736
Lisboa;Boston;1674
Lisboa;Praga;389
Lisboa;Florencia;739
Lisboa;Copenhague;528
Lisboa;Edimburgo;461
Lisboa;Washington D C;1862
Lisboa;Santorini;827
Lisboa;Bangkok;2464
Lisboa;Montreal;1413
Lisboa;Singapur;2489
Lisboa;Hong Kong;2340
Lisboa;Estocolmo;561
Lisboa;Marrakech;297
Lisboa;Ciudad del Cabo;2307
Lisboa;Orlando;2057
Lisboa;Dubrovnik Ragusa;817
Lisboa;Filadelfia;1956
Budapest;Dubái;609
Budapest;Londres;174
Budapest;Roma;203
Budapest;París;327
Budapest;Lisboa;427
Budapest;Barcelona;305
Budapest;Estambul;406
Budapest;Praga;173
Budapest;Ámsterdam;631
Budapest;Milán;142
Budapest;Berlín;190
Budapest;Nueva York;1730
Budapest;Malta;312
Budapest;Atenas;301
Budapest;Madrid;386
Budapest;Dublín;351
Budapest;Venecia;627
Budapest;Múnich;610
Budapest;Copenhague;340
Budapest;Edimburgo;406
Budapest;Miami;2161
Budapest;Viena;1088
Budapest;Santorini;305
Budapest;Florencia;566
Budapest;Bangkok;2393
Budapest;Toronto;1926
Budapest;Estocolmo;195
Budapest;Singapur;2690
Budapest;Dubrovnik Ragusa;635
Budapest;Washington D C;1767
Budapest;Boston;1754
Budapest;Hong Kong;2298
Budapest;Sevilla;836
Budapest;Ciudad del Cabo;1975
Budapest;Tenerife;548
Budapest;Orlando;2018
Budapest;Mykonos;318
Budapest;Nápoles;244
Budapest;Montreal;2104
Budapest;Filadelfia;1793
Estocolmo;Londres;169
Estocolmo;Copenhague;452
Estocolmo;París;294
Estocolmo;Ámsterdam;467
Estocolmo;Berlín;269
Estocolmo;Barcelona;223
Estocolmo;Nueva York;319
Estocolmo;Estambul;1398
Estocolmo;Roma;685
Estocolmo;Dubái;319
Estocolmo;Lisboa;1104
Estocolmo;Praga;611
Estocolmo;Viena;391
Estocolmo;Atenas;109
Estocolmo;Bangkok;500
Estocolmo;Milán;2548
Estocolmo;Madrid;190
Estocolmo;Budapest;474
Estocolmo;Dublín;170
Estocolmo;Malta;337
Estocolmo;Múnich;598
Estocolmo;Edimburgo;497
Estocolmo;Venecia;567
Estocolmo;Miami;378
Estocolmo;Toronto;1368
Estocolmo;Florencia;1529
Estocolmo;Santorini;645
Estocolmo;Singapur;806
Estocolmo;Hong Kong;2493
Estocolmo;Washington D C;2041
Estocolmo;Boston;1046
Estocolmo;Ciudad del Cabo;1046
Estocolmo;Dubrovnik Ragusa;2512
Estocolmo;Orlando;596
Estocolmo;Montreal;1313
Estocolmo;Filadelfia;1858
Estocolmo;Bombay;1422
Estocolmo;Mykonos;1835
Estocolmo;Pekín;1125
Estocolmo;Santa Lucía;2216
Zúrich;Lisboa;251
Zúrich;Dubái;1122
Zúrich;Londres;309
Zúrich;Bangkok;1797
Zúrich;Barcelona;314
Zúrich;Oporto;257
Zúrich;Nueva York;1542
Zúrich;Nápoles;265
Zúrich;Estocolmo;524
Zúrich;Palma de Mallorca;227
Zúrich;París;630
Zúrich;Berlín;374
Zúrich;Madrid;434
Zúrich;Ámsterdam;640
Zúrich;Estambul;580
Zúrich;Viena;730
Zúrich;Roma;564
Zúrich;Atenas;524
Zúrich;Milán;685
Zúrich;Venecia;654
Zúrich;Miami;1809
Zúrich;Singapur;2660
Zúrich;Praga;682
Zúrich;Copenhague;765
Zúrich;Budapest;642
Zúrich;Malta;520
Zúrich;Dublín;474
Zúrich;Florencia;764
Zúrich;Múnich;218
Zúrich;Toronto;1559
Zúrich;Boston;1470
Zúrich;Hong Kong;2963
Zúrich;Edimburgo;737
Zúrich;Santorini;802
Zúrich;Ciudad del Cabo;2753
Zúrich;Washington D C;1675
Zúrich;Mykonos;1013
Zúrich;Montreal;1524
Zúrich;Dubrovnik Ragusa;606
Zúrich;Bombay;2447
Copenhague;Nueva York;1294
Copenhague;Londres;155
Copenhague;París;219
Copenhague;Roma;238
Copenhague;Barcelona;302
Copenhague;Estocolmo;457
Copenhague;Ámsterdam;417
Copenhague;Berlín;260
Copenhague;Milán;195
Copenhague;Estambul;608
Copenhague;Praga;227
Copenhague;Lisboa;552
Copenhague;Viena;180
Copenhague;Dubái;1056
Copenhague;Madrid;297
Copenhague;Budapest;306
Copenhague;Bangkok;2543
Copenhague;Atenas;658
Copenhague;Múnich;481
Copenhague;Edimburgo;197
Copenhague;Dublín;159
Copenhague;Venecia;197
Copenhague;Toronto;1513
Copenhague;Florencia;625
Copenhague;Singapur;2332
Copenhague;Miami;1729
Copenhague;Washington D C;1119
Copenhague;Malta;834
Copenhague;Boston;1080
Copenhague;Santorini;1033
Copenhague;Hong Kong;2470
Copenhague;Ciudad del Cabo;2541
Copenhague;Dubrovnik Ragusa;623
Copenhague;Orlando;1526
Copenhague;Montreal;1719
Copenhague;Filadelfia;1337
Copenhague;Bombay;1962
Copenhague;Mykonos;663
Copenhague;Pekín;2414
Copenhague;Santa Lucía;12160
Marrakech;París;326
Marrakech;Londres;391
Marrakech;Madrid;223
Marrakech;Barcelona;342
Marrakech;Estambul;1606
Marrakech;Lisboa;317
Marrakech;Ámsterdam;866
Marrakech;Milán;219
Marrakech;Roma;533
Marrakech;Dubái;2178
Marrakech;Berlín;741
Marrakech;Nueva York;2054
Marrakech;Atenas;1231
Marrakech;Viena;4132
Marrakech;Venecia;955
Marrakech;Washington D C;1953
Marrakech;Singapur;6368
Marrakech;Hong Kong;7548
Marrakech;Bangkok;3024
Marrakech;Praga;1216
Marrakech;Miami;2312
Marrakech;Edimburgo;876
Marrakech;Dublín;717
Marrakech;Florencia;818
Marrakech;Boston;1989
Marrakech;Budapest;1562
Marrakech;Toronto;2642
Marrakech;Santorini;1436
Marrakech;Ciudad del Cabo;3877
Marrakech;Malta;1223
Marrakech;Copenhague;1233
Marrakech;Orlando;2228
Marrakech;Estocolmo;751
Marrakech;Múnich;1042
Marrakech;Montreal;3268
Marrakech;Dubrovnik;1210
Marrakech;Filadelfia;5590
Marrakech;Bombay;4132
Marrakech;Mykonos;1296
Doha;Dubái;816
Doha;Estambul;1227
Doha;Bombay;868
Doha;Nueva Delhi;788
Doha;Londres;1348
Doha;Bangkok;2340
Doha;Nueva York;3500
Doha;Singapur;2433
Doha;París;2016
Doha;Roma;1352
Doha;Hong Kong;3231
Doha;Washington D C;4398
Doha;Madrid;1558
Doha;Atenas;1010
Doha;Barcelona;1812
Doha;Ámsterdam;1398
Doha;Berlín;1370
Doha;Toronto;3042
Doha;Dublín;2763
Doha;Miami;4727
Doha;Edimburgo;3171
Doha;Boston;4234
Doha;Ciudad del Cabo;2693
Doha;Viena;1003
Doha;Milán;1289
Doha;Praga;3052
Doha;Lisboa;2703
Doha;Budapest;2723
Doha;Malta;2812
Doha;Copenhague;2154
Doha;Venecia;5455
Doha;Montreal;4158
Doha;Florencia;5325
Doha;Santorini;3839
Doha;Filadelfia;5136
Doha;Múnich;1181
Doha;Estocolmo;2015
Doha;Orlando;5425
Doha;Dubrovnik;5973
Doha;Goa;1416
Hanoi;Ciudad Ho Chi Minh;254
Hanoi;Bangkok;375
Hanoi;Singapur;534
Hanoi;Hong Kong;475
Hanoi;París;3200
Hanoi;Londres;3280
Hanoi;Dubái;1697
Hanoi;Nueva York;3884
Hanoi;Berlín;3889
Hanoi;Toronto;4168
Hanoi;Ámsterdam;3401
Hanoi;Estambul;3450
Hanoi;Boston;3950
Hanoi;Roma;3556
Hanoi;Washington D C;3894
Hanoi;Praga;6203
Hanoi;Barcelona;4358
Hanoi;Madrid;3683
Hanoi;Venecia;4707
Hanoi;Budapest;6070
Hanoi;Lisboa;4226
Hanoi;Viena;3600
Hanoi;Miami;5749
Hanoi;Atenas;3842
Hanoi;Florencia;5811
Hanoi;Edimburgo;4489
Hanoi;Santorini;7061
Hanoi;Ciudad del Cabo;4427
Hanoi;Dublín;4324
Hanoi;Malta;4949
Hanoi;Copenhague;3912
Hanoi;Orlando;6372
Hanoi;Milán;4017
Hanoi;Bombay;698
Hanoi;Estocolmo;4471
Hanoi;Dubrovnik;6592
Hanoi;Filadelfia;5364
Hanoi;Montreal;5965
Hanoi;Múnich;4366
Hanoi;Pekín;860
Melbourne;Singapur;957
Melbourne;Bangkok;1106
Melbourne;Kuala Lumpur;993
Melbourne;Londres;3124
Melbourne;Perth;906
Melbourne;Phuket;959
Melbourne;Dubái;2439
Melbourne;Hong Kong;1419
Melbourne;Nueva Delhi;1978
Melbourne;Nueva York;3955
Melbourne;París;3065
Melbourne;Roma;2783
Melbourne;Atenas;2816
Melbourne;Estambul;3864
Melbourne;Toronto;3991
Melbourne;Ámsterdam;2869
Melbourne;Orlando;4383
Melbourne;Dublín;3336
Melbourne;Bombay;2009
Melbourne;Barcelona;4257
Melbourne;Miami;3842
Melbourne;Berlín;3355
Melbourne;Madrid;2804
Melbourne;Malta;4535
Melbourne;Edimburgo;4654
Melbourne;Lisboa;4156
Melbourne;Washington D C;3890
Melbourne;Venecia;4912
Melbourne;Boston;4293
Melbourne;Ciudad del Cabo;3933
Melbourne;Viena;5498
Melbourne;Milán;3798
Melbourne;Praga;4624
Melbourne;Budapest;4193
Melbourne;Florencia;12859
Melbourne;Santorini;5649
Melbourne;Copenhague;4156
Melbourne;Estocolmo;3005
Melbourne;Múnich;4349
Melbourne;Dubrovnik;5984
Helsinki;París;284
Helsinki;Londres;232
Helsinki;Estocolmo;337
Helsinki;Ámsterdam;731
Helsinki;Copenhague;460
Helsinki;Berlín;477
Helsinki;Barcelona;611
Helsinki;Nueva York;2239
Helsinki;Roma;759
Helsinki;Praga;656
Helsinki;Milán;382
Helsinki;Bangkok;2595
Helsinki;Lisboa;832
Helsinki;Viena;213
Helsinki;Budapest;715
Helsinki;Estambul;902
Helsinki;Atenas;739
Helsinki;Madrid;690
Helsinki;Múnich;477
Helsinki;Singapur;2342
Helsinki;Venecia;358
Helsinki;Dublín;591
Helsinki;Dubái;1286
Helsinki;Edimburgo;778
Helsinki;Miami;2426
Helsinki;Santorini;1219
Helsinki;Hong Kong;2474
Helsinki;Florencia;660
Helsinki;Toronto;2664
Helsinki;Dubrovnik;834
Helsinki;Washington D C;2692
Helsinki;Boston;2585
Helsinki;Malta;942
Helsinki;Ciudad del Cabo;2489
Helsinki;Orlando;2561
Helsinki;Bombay;1963
Helsinki;Filadelfia;3006
Helsinki;Montreal;2734
Helsinki;Mykonos;1398
Helsinki;Santa Lucía;17321
Bangkok;Phuket;105
Bangkok;Chiang Mai;105
Bangkok;Singapur;362
Bangkok;Hong Kong;524
Bangkok;Nueva York;2410
Bangkok;Taipéi;634
Bangkok;Londres;2758
Bangkok;Dubái;1786
Bangkok;París;2859
Bangkok;Ámsterdam;2696
Bangkok;Territorio Federal de Kuala Lumpur;271
Bangkok;Estambul;2029
Bangkok;Viena;3032
Bangkok;Hanói;380
Bangkok;Bombay;785
Bangkok;Múnich;3050
Bangkok;Toronto;4131
Bangkok;Roma;2589
Bangkok;Copenhague;2524
Bangkok;Berlín;2660
Bangkok;Pekín;1131
Bangkok;Boston;4235
Bangkok;Washington D C;3503
Bangkok;Barcelona;2800
Bangkok;Madrid;3024
Bangkok;Milán;2261
Bangkok;Atenas;2359
Bangkok;Praga;3124
Bangkok;Lisboa;2601
Bangkok;Miami;4665
Bangkok;Estocolmo;2808
Bangkok;Venecia;3909
Bangkok;Budapest;2839
Bangkok;Dublín;2963
Bangkok;Edimburgo;3256
Bangkok;Ciudad del Cabo;3456
Bangkok;Florencia;4532
Bangkok;Santorini;3580
Bangkok;Malta;3026
Bangkok;Nueva Delhi;1045
Cracovia;Roma;195
Cracovia;Londres;150
Cracovia;París;288
Cracovia;Barcelona;445
Cracovia;Praga;125
Cracovia;Milán;159
Cracovia;Viena;130
Cracovia;Ámsterdam;674
Cracovia;Berlín;134
Cracovia;Dubái;1465
Cracovia;Nueva York;1991
Cracovia;Estambul;728
Cracovia;Lisboa;584
Cracovia;Atenas;374
Cracovia;Dublín;381
Cracovia;Malta;458
Cracovia;Madrid;608
Cracovia;Edimburgo;312
Cracovia;Venecia;497
Cracovia;Copenhague;303
Cracovia;Santorini;573
Cracovia;Múnich;654
Cracovia;Estocolmo;159
Cracovia;Bangkok;2506
Cracovia;Toronto;2148
Cracovia;Miami;2182
Cracovia;Florencia;597
Cracovia;Singapur;2755
Cracovia;Boston;2183
Cracovia;Hong Kong;2354
Cracovia;Washington D C;2561
Cracovia;Ciudad del Cabo;2691
Cracovia;Dubrovnik Ragusa;633
Cracovia;Orlando;2644
Cracovia;Filadelfia;2577
Cracovia;Montreal;2313
Cracovia;Bombay;1916
Cracovia;Mykonos;852
Cracovia;Santa Lucía;12914
Cracovia;Sevilla;508
Lima;Cusco;199
Lima;Madrid;2875
Lima;Buenos Aires;1326
Lima;Nueva York;1135
Lima;Miami;938
Lima;Barcelona;3021
Lima;Fort Lauderdale;938
Lima;París;3870
Lima;Londres;3133
Lima;Orlando;1055
Lima;Ámsterdam;4086
Lima;Roma;3702
Lima;Washington D C;1298
Lima;Toronto;2120
Lima;Milán;3678
Lima;Boston;1391
Lima;Berlín;4101
Lima;Dubái;5680
Lima;Lisboa;3927
Lima;Estambul;5670
Lima;Singapur;8900
Lima;Hong Kong;6128
Lima;Florencia;4620
Lima;Venecia;4148
Lima;Bangkok;6681
Lima;Atenas;4930
Lima;Praga;5138
Lima;Viena;4808
Lima;Edimburgo;6104
Lima;Santorini;10217
Lima;Budapest;5504
Lima;Ciudad del Cabo;17768
Lima;Malta;7723
Lima;Dublín;4742
Lima;Copenhague;4071
Lima;Montreal;2583
Lima;Estocolmo;3762
Lima;Filadelfia;1907
Lima;Dubrovnik Ragusa;12332
Lima;Múnich;4200
Lima;Cusco;199
Cusco;Lima;200
Santiago de Chile;Lima;620
Lima;Santiago de Chile;700
Lima;Iquitos;306
Edimburgo;Londres;133
Edimburgo;París;227
Edimburgo;Dublín;149
Edimburgo;Ámsterdam;363
Edimburgo;Nueva York;1851
Edimburgo;Milán;240
Edimburgo;Barcelona;425
Edimburgo;Roma;370
Edimburgo;Berlín;268
Edimburgo;Madrid;305
Edimburgo;Lisboa;354
Edimburgo;Budapest;411
Edimburgo;Copenhague;216
Edimburgo;Praga;405
Edimburgo;Atenas;405
Edimburgo;Estambul;732
Edimburgo;Malta;1063
Edimburgo;Venecia;553
Edimburgo;Toronto;266
Edimburgo;Boston;2298
Edimburgo;Dubái;1668
Edimburgo;Viena;335
Edimburgo;Florencia;940
Edimburgo;Orlando;2142
Edimburgo;Santorini;817
Edimburgo;Washington DC;2021
Edimburgo;Bangkok;2859
Edimburgo;Hong Kong;2816
Edimburgo;Singapur;3238
Edimburgo;Estocolmo;508
Edimburgo;Miami;2050
Edimburgo;Múnich;378
Edimburgo;Ciudad del Cabo;3037
Edimburgo;Dubrovnik;698
Edimburgo;Filadelfia;310
Edimburgo;Montreal;2114
Edimburgo;Bombay;2329
Edimburgo;Sevilla;527
Edimburgo;Mykonos;846
Edimburgo;Pekín;8730
Varsovia;Roma;257
Varsovia;París;274
Varsovia;Lisboa;730
Varsovia;Barcelona;435
Varsovia;Dubái;1370
Varsovia;Malta;426
Varsovia;Londres;159
Varsovia;Nueva York;1907
Varsovia;Atenas;471
Varsovia;Madrid;461
Varsovia;Ámsterdam;674
Varsovia;Toronto;2162
Varsovia;Praga;586
Varsovia;Milán;195
Varsovia;Estambul;832
Varsovia;Berlín;575
Varsovia;Viena;179
Varsovia;Budapest;159
Varsovia;Venecia;302
Varsovia;Miami;2161
Varsovia;Dublín;337
Varsovia;Copenhague;177
Varsovia;Dubrovnik;337
Varsovia;Estocolmo;88
Varsovia;Bangkok;2340
Varsovia;Múnich;761
Varsovia;Edimburgo;385
Varsovia;Santorini;426
Varsovia;Singapur;2593
Varsovia;Florencia;761
Varsovia;Washington DC;2280
Varsovia;Hong Kong;2388
Varsovia;Boston;2398
Varsovia;Ciudad del Cabo;2978
Varsovia;Orlando;2376
Varsovia;Montreal;2340
Varsovia;Nápoles;369
Varsovia;Bombay;1945
Varsovia;Filadelfia;2559
Varsovia;Zúrich;345
Cusco;Nueva York;5765
Cusco;Londres;4197
Cusco;París;4014
Cusco;Barcelona;6906
Cusco;Madrid;6832
Cusco;Washington DC;6970
Cusco;Miami;1477
Cusco;Singapur;27771
Cusco;Roma;7695
Cusco;Hong Kong;22752
Cusco;Dubái;35790
Cusco;Berlín;9225
Cusco;Bangkok;23871
Cusco;Florencia;9366
Cusco;Praga;11013
Cusco;Boston;7700
Cusco;Atenas;7900
Cusco;Viena;12804
Cusco;Edimburgo;37108
Cusco;Budapest;10191
Cusco;Toronto;8213
Cusco;Ciudad del Cabo;76438
Cusco;Dublín;14553
Cusco;Malta;10051
Cusco;Copenhague;12972
Cusco;Orlando;5582
Cusco;Milán;10833
Cusco;Estocolmo;9855
Cusco;Dubrovnik;15527
Cusco;Filadelfia;18975
Cusco;Montreal;7403
Cusco;Múnich;8763
Cusco;Bombay;17347
Cusco;Santa Lucía;98158
Cusco;Mykonos;9818
Iquitos;París;9450
Iquitos;Londres;11357
Iquitos;Nueva York;5421
Iquitos;Singapur;25616
Iquitos;Roma;7596
Iquitos;Ámsterdam;35085
Iquitos;Barcelona;6910
Iquitos;Venecia;7366
Iquitos;Hong Kong;22713
Iquitos;Dubái;15307
Iquitos;Berlín;8603
Iquitos;Washington DC;6309
Iquitos;Bangkok;27402
Iquitos;Lisboa;14834
Iquitos;Florencia;8987
Iquitos;Praga;9634
Iquitos;Miami;3999
Iquitos;Boston;6314
Iquitos;Madrid;6836
Iquitos;Atenas;7195
Iquitos;Viena;9291
Iquitos;Edimburgo;35368
Iquitos;Budapest;9470
Iquitos;Toronto;7262
Iquitos;Ciudad del Cabo;19353
Iquitos;Dublín;34387
Iquitos;Malta;10004
Iquitos;Copenhague;9486
Iquitos;Orlando;5436
Iquitos;Milán;8572
Iquitos;Estocolmo;9919
Iquitos;Dubrovnik;11169
Iquitos;Filadelfia;13660
Iquitos;Montreal;7712
Iquitos;Múnich;7360
Iquitos;Bombay;14969
Iquitos;Santa Lucía;35470
Iquitos;Mykonos;9113
Iquitos;Buenos Aires;3306
Iquitos;Río de Janeiro;3296
Iquitos;Aruba;53731
Iquitos;Granada;72671
Iquitos;Lima;266
Iquitos;Cartagena;2462
Iquitos;Cusco;433
Iquitos;São Paulo;3243
Iquitos;Bogotá;2344
Iquitos;Santiago de Chile;2577
Iquitos;Medellín;3075
Iquitos;Quito;3330
Iquitos;Panamá;21644
Iquitos;San José;4837
Iquitos;Mendoza;2369
Iquitos;Bonaire;39225
Iquitos;Montevideo;3028
Iquitos;La Paz;3372
Iquitos;Arequipa;497
Iquitos;Salvador de Bahía;3347
Iquitos;Acra;57060
Iquitos;Cuenca;3570
Iquitos;Brasilia;3332
Iquitos;Santa Marta;3696
Iquitos;Florianópolis;3351
Iquitos;Cali;3145
Iquitos;Guayaquil;3551
Iquitos;Manaos;5353
Iquitos;Fernando de Noronha;10385
Iquitos;Caracas;7067
Iquitos;Recife;3667
Iquitos;Curitiba;3348
Iquitos;Fortaleza;3323
Iquitos;Ciudad de Córdoba;2103
Iquitos;Belo Horizonte;3339
Bogotá;Madrid;2693
Bogotá;Nueva York;1230
Bogotá;Miami;743
Bogotá;Orlando;844
Bogotá;Cancún;675
Bogotá;Barcelona;2577
Bogotá;Fort Lauderdale;743
Bogotá;Cartagena;269
Bogotá;Ciudad de México;925
Bogotá;París;3194
Bogotá;Londres;3141
Bogotá;Buenos Aires;1953
Bogotá;Toronto;1654
Bogotá;Ámsterdam;3247
Bogotá;Estambul;4413
Bogotá;Roma;3157
Bogotá;Washington D C;1214
Bogotá;Chicago;1663
Bogotá;Boston;1250
Bogotá;Dubái;4786
Bogotá;Lisboa;3123
Bogotá;Malta;3731
Bogotá;Berlín;3352
Bogotá;Atlanta;1092
Bogotá;Montreal;2148
Bogotá;Atenas;3955
Bogotá;Florencia;6075
Bogotá;Viena;3390
Bogotá;Venecia;3240
Bogotá;Praga;4668
Bogotá;Budapest;4793
Bogotá;Edimburgo;6263
Bogotá;Santorini;4399
Bogotá;Nueva Orleans;1186
Bogotá;Dublín;3127
Bogotá;Milán;3132
Bogotá;Ciudad del Cabo;5977
Bogotá;Copenhague;3609
Bogotá;Denver;1455
Bogotá;Filadelfia;1703
Ciudad del Cabo;Dubái;1774
Ciudad del Cabo;Ámsterdam;2305
Ciudad del Cabo;Nueva York;2487
Ciudad del Cabo;París;2691
Ciudad del Cabo;Estambul;1918
Ciudad del Cabo;Lisboa;2086
Ciudad del Cabo;Dublín;2643
Ciudad del Cabo;Washington D C;2331
Ciudad del Cabo;Roma;2888
Ciudad del Cabo;Barcelona;2303
Ciudad del Cabo;Johannesburgo;2307
Ciudad del Cabo;Atenas;361
Ciudad del Cabo;Berlín;2406
Ciudad del Cabo;Miami;2122
Ciudad del Cabo;Chicago;3038
Ciudad del Cabo;Toronto;3150
Ciudad del Cabo;Madrid;2304
Ciudad del Cabo;Venecia;2528
Ciudad del Cabo;Edimburgo;2327
Ciudad del Cabo;Boston;3142
Ciudad del Cabo;Praga;2463
Ciudad del Cabo;Viena;2524
Ciudad del Cabo;Florencia;2061
Ciudad del Cabo;Budapest;4442
Ciudad del Cabo;Santorini;2515
Ciudad del Cabo;Malta;3532
Ciudad del Cabo;Nueva Orleans;2783
Ciudad del Cabo;Copenhague;6677
Ciudad del Cabo;Atlanta;2666
Ciudad del Cabo;Milán;3776
Ciudad del Cabo;Orlando;1954
Ciudad del Cabo;Múnich;4142
Ciudad del Cabo;Denver;2685
Ciudad del Cabo;Dubrovnik Ragusa;4527
Ciudad del Cabo;Filadelfia;3694
Ciudad del Cabo;Montreal;3960
Ciudad del Cabo;Bombay;2522
Ciudad del Cabo;Austin;2236
Ciudad del Cabo;Nashville;3970
El Cairo;Dubái;1086
El Cairo;Estambul;967
El Cairo;Londres;1253
El Cairo;Nueva York;2281
El Cairo;París;881
El Cairo;Atenas;883
El Cairo;Toronto;2346
El Cairo;Roma;1018
El Cairo;Ámsterdam;1093
El Cairo;Barcelona;834
El Cairo;Madrid;1144
El Cairo;Berlín;929
El Cairo;Milán;776
El Cairo;Washington D C;2294
El Cairo;Viena;850
El Cairo;Lisboa;1003
El Cairo;Budapest;1569
El Cairo;Chicago;2467
El Cairo;Ciudad del Cabo;2357
El Cairo;Miami;2482
El Cairo;Praga;1093
El Cairo;Boston;2436
El Cairo;Venecia;846
El Cairo;Malta;971
El Cairo;Santorini;1686
El Cairo;Dublín;1087
El Cairo;Edimburgo;1757
El Cairo;Florencia;1344
El Cairo;Copenhague;1012
El Cairo;Nueva Orleans;3637
El Cairo;Múnich;884
El Cairo;Orlando;2455
El Cairo;Montreal;2394
El Cairo;Bombay;962
El Cairo;Dubrovnik Ragusa;1947
El Cairo;Denver;2903
El Cairo;Atlanta;2692
El Cairo;Filadelfia;3060
El Cairo;Austin;2791
El Cairo;Mykonos;1741
Nairobi;Dubái;1533
Nairobi;Londres;2795
Nairobi;Ciudad del Cabo;2239
Nairobi;Nueva York;3112
Nairobi;Toronto;3633
Nairobi;Ámsterdam;3327
Nairobi;París;2188
Nairobi;Estambul;1857
Nairobi;Washington D C;3998
Nairobi;Roma;3304
Nairobi;Berlín;3142
Nairobi;Barcelona;4254
Nairobi;Chicago;4131
Nairobi;Lisboa;4637
Nairobi;Boston;4003
Nairobi;Madrid;3563
Nairobi;Atenas;3003
Nairobi;Viena;3221
Nairobi;Venecia;3742
Nairobi;Miami;4287
Nairobi;Praga;4030
Nairobi;Florencia;4308
Nairobi;Edimburgo;4800
Nairobi;Budapest;3241
Nairobi;Santorini;7074
Nairobi;Dublín;4767
Nairobi;Malta;4284
Nairobi;Nueva Orleans;5550
Nairobi;Copenhague;2868
Nairobi;Orlando;4765
Nairobi;Milán;2759
Nairobi;Bombay;1981
Nairobi;Denver;5107
Nairobi;Dubrovnik Ragusa;4113
Nairobi;Filadelfia;5369
Nairobi;Atlanta;3190
Nairobi;Montreal;4112
Nairobi;Múnich;3690
Nairobi;Austin;4978
Nairobi;Nashville;6408
Luanda;Lisboa;1667
Luanda;Dubái;2702
Luanda;París;3144
Luanda;Londres;2804
Luanda;Ciudad del Cabo;2858
Luanda;Madrid;5814
Luanda;Nueva York;6455
Luanda;Ámsterdam;5874
Luanda;Roma;3859
Luanda;Barcelona;6759
Luanda;Washington D C;7226
Luanda;Venecia;5606
Luanda;Chicago;5890
Luanda;Berlín;7958
Luanda;Florencia;4947
Luanda;Estambul;3372
Luanda;Praga;5116
Luanda;Miami;8715
Luanda;Boston;11321
Luanda;Atenas;5740
Luanda;Viena;4174
Luanda;Edimburgo;7373
Luanda;Budapest;7395
Luanda;Santorini;8574
Luanda;Toronto;10569
Luanda;Nueva Orleans;14671
Luanda;Dublín;6927
Luanda;Malta;7483
Luanda;Copenhague;3928
Luanda;Orlando;12001
Luanda;Milán;3599
Luanda;Dubrovnik Ragusa;5770
Luanda;Denver;17128
Luanda;Filadelfia;12638
Luanda;Montreal;10731
Luanda;Atlanta;5526
Luanda;Múnich;5954
Luanda;Bombay;3348
Luanda;Austin;12738
Luanda;Nashville;15081
Chachapoyas;Lima;632
Cajamarca;París;8146
Cajamarca;Londres;8589
Cajamarca;Nueva York;4108
Cajamarca;Roma;7185
Cajamarca;Ámsterdam;8585
Cajamarca;Barcelona;7525
Cajamarca;Venecia;7568
Cajamarca;Chicago;4866
Cajamarca;Dubái;26967
Cajamarca;Berlín;8384
Cajamarca;Washington D C;4786
Cajamarca;Lisboa;9144
Cajamarca;Florencia;9000
Cajamarca;Praga;8622
Cajamarca;Miami;2255
Cajamarca;Boston;5350
Cajamarca;Madrid;6746
Cajamarca;Atenas;9122
Cajamarca;Viena;9408
Cajamarca;Edimburgo;9935
Cajamarca;Estambul;13224
Cajamarca;Budapest;9156
Cajamarca;Santorini;30224
Cajamarca;Toronto;5443
Cajamarca;Ciudad del Cabo;12661
Cajamarca;Nueva Orleans;6649
Cajamarca;Dublín;15240
Cajamarca;Malta;9952
Cajamarca;Copenhague;8898
Cajamarca;Orlando;2708
Cajamarca;Milán;7374
Cajamarca;Dubrovnik Ragusa;8404
Cajamarca;Denver;4949
Cajamarca;Filadelfia;5532
Cajamarca;Montreal;7196
Cajamarca;Atlanta;4990
Cajamarca;Múnich;8339
Cajamarca;Bombay;12688
Cajamarca;Austin;6675
Cajamarca;Nashville;4998
Puno;París;7413
Puno;Londres;8280
Puno;Nueva York;4626
Puno;Roma;6461
Puno;Ámsterdam;11851
Puno;Barcelona;7267
Puno;Venecia;7452
Puno;Chicago;5188
Puno;Dubái;39576
Puno;Berlín;9104
Puno;Washington DC;4770
Puno;Lisboa;9144
Puno;Florencia;9000
Puno;Praga;8622
Puno;Miami;3140
Puno;Boston;5350
Puno;Madrid;7034
Puno;Atenas;9122
Puno;Viena;8999
Puno;Edimburgo;9935
Puno;Estambul;16339
Puno;Budapest;8373
Puno;Santorini;30224
Puno;Toronto;5443
Puno;Ciudad del Cabo;31660
Puno;Nueva Orleans;6655
Puno;Dublín;15240
Puno;Malta;20367
Puno;Copenhague;11634
Puno;Orlando;3352
Puno;Milán;7374
Puno;Dubrovnik Ragusa;9340
Puno;Denver;8339
Puno;Filadelfia;5511
Puno;Montreal;7315
Puno;Atlanta;6565
Puno;Múnich;5279
Puno;Bombay;8339
Puno;Austin;17061
Puno;Nashville;6086
San Pablo de Loreto;Lima;219
Johannesburgo;Ciudad del Cabo;340
Johannesburgo;Londres;2609
Johannesburgo;Dubái;2485
Johannesburgo;Nueva York;2961
Johannesburgo;Ámsterdam;2813
Johannesburgo;París;2862
Johannesburgo;Estambul;2328
Johannesburgo;Atlanta;3043
Alejandría;Dubái;1086
Alejandría;Estambul;967
Alejandría;Londres;1788
Alejandría;Nueva York;2970
Alejandría;París;1072
Alejandría;Atenas;883
Alejandría;Toronto;2638
Alejandría;Roma;1057
Alejandría;Ámsterdam;1778
Alejandría;Barcelona;993
Alejandría;Madrid;2224
Alejandría;Berlín;1866
Alejandría;Milán;767
Alejandría;Washington DC;3151
Alejandría;Viena;929
Alejandría;Budapest;1569
Alejandría;Dublín;1513
Alejandría;Copenhague;1640
Alejandría;Múnich;932
Alejandría;Montreal;2541
Alejandría;Bombay;1629
Riad;Dubái;560
Riad;Estambul;934
Riad;Londres;1964
Riad;Nueva Delhi;1185
Riad;Bombay;1067
Riad;París;2314
Riad;El Cairo;759
Riad;Nueva York;4210
Riad;Roma;155
Riad;Washington D C;5342
Riad;Viena;345
Riad;Atenas;1412
Riad;Milán;305
Riad;Praga;1726
Riad;Budapest;204
Riad;Venecia;155
Riad;Múnich;2599
Abuja;Londres;3597
Abuja;París;13563
Abuja;Estambul;10776
Accra;Londres;3284
Accra;Dubái;3098
Accra;Nueva York;3577
Accra;Washington D C;4175
Accra;Ámsterdam;4259
Accra;París;3160
Accra;Estambul;3811
Accra;Lisboa;4754
Addís Abeba;Dubái;1997
Addís Abeba;Londres;3504
Addís Abeba;París;3260
Addís Abeba;Roma;3398
Addís Abeba;Estambul;2341
Addís Abeba;Viena;4322
Addís Abeba;Ciudad del Cabo;2942
Addís Abeba;Atenas;3120
Addís Abeba;Milán;3219
Addís Abeba;Bombay;2242
Agra;Bombay;406
Agra;Goa;441
Agra;Bangalore;469
Agra;Dubái;890
Agra;Toronto;5879
Agra;Londres;2679
Agra;Calcuta;524
Agra;Nueva York;3343
Agra;Chennai;461
Agra;Hyderabad;455
Agra;Jaipur;187
Agra;París;2436
Agra;Chicago;4383
Agra;Estambul;2262
Agra;Ámsterdam;2308
Agra;Washington D C;5341
Agra;Roma;2675
Agra;Milán;2634
Agra;Viena;2716
Agra;Montreal;5881
Agra;Copenhague;2917
Agra;Múnich;2814
Agra;Udaipur;333
Auckland;Nueva York;4733
Auckland;Dubái;5039
Auckland;Chicago;4465
Bali;Dubái;2682
Bali;Ámsterdam;3215
Bali;Estambul;5341
Bandung;Dubái;2852
Bandung;Ámsterdam;3878
Bandung;Estambul;3492
Brisbane;Dubái;4634
Casablanca;Estambul;1240
Casablanca;París;528
Casablanca;Montreal;2467
Casablanca;Dubái;2365
Casablanca;Nueva York;3278
Casablanca;Barcelona;436
Casablanca;Madrid;489
Casablanca;Londres;1086
Casablanca;Lisboa;591
Casablanca;Roma;973
Casablanca;Ámsterdam;489
Casablanca;Miami;3109
Casablanca;Washington DC;2880
Casablanca;Milán;626
Casablanca;Venecia;621
Casablanca;Marrakech;639
Dakar;París;2437
Dakar;Nueva York;3352
Dakar;Barcelona;1231
Dakar;Madrid;1260
Dakar;Estambul;2792
Dakar;Lisboa;3626
Dakar;Roma;1654
Dakar;Milán;1529
Fez;París;226
Fez;Barcelona;167
Fez;Estambul;1210
Fez;Madrid;152
Fez;Ámsterdam;644
Fez;Londres;347
Fez;Roma;356
Fez;Milán;381
Fez;Marrakech;585
Goa;Bombay;199
Goa;Nueva Delhi;441
Goa;Bangalore;231
Goa;Dubái;1154
Goa;Londres;2999
Gold Coast;Los Ángeles;3638
Gold Coast;Dubái;4634
Gold Coast;Vancouver;3814
Gold Coast;San Francisco;3894
Hanói;París;3890
Hanói;Londres;4327
Hanói;Dubái;3076
Hanói;Estambul;4466
Hanói;Bombay;729
Jaipur;Bombay;305
Jaipur;Nueva Delhi;187
Jaipur;Dubái;925
Jaipur;Bangalore;572
Kioto;Bangkok;842
Kioto;París;4510
Kioto;Dubái;5314
Kioto;Estambul;4712
Kioto;Ámsterdam;6339
Kioto;Múnich;5427
Provincia de Krabi;Bangkok;50
Provincia de Krabi;Dubái;2266
La Paz;Lima;1247
La Paz;Bogotá;1435
La Paz;Santiago de Chile;2888
Lagos;Acra;1330
San Pablo de Loreto;Lima;219
San Pablo de Loreto;Bogotá;368
San Pablo de Loreto;Tarapoto;726
Tarapoto;Lima;215
Tarapoto;Iquitos;726
Tarapoto;San Pablo de Loreto;200
